idx,eig
1,2.278884548789341
2,1.1698376822862264
3,0.7667475371360271
4,0.6747821988969872
5,0.5706111266867915
6,0.5391369062046247
