cluster,n,pct
C1,310,0.5149501661129569
C2,292,0.4850498338870432
