PA1,item
0.4540654537110457,rQ1
0.5813532104018133,rQ3
0.3464769293276909,rQ5
0.43741726028007016,rQ2_r
0.6038350875453323,rQ4_r
0.5904196649598342,rQ6_r
