item,primary_factor,primary_loading,max_cross,communality,domain
dQ14S,PA1,0.6093770963630096,0.14849656897567426,0.30245011921287634,Str
dQ8S,PA1,0.5571026677115898,0.22221290891289705,0.472719977789038,Str
dQ14S,PA1,0.6093770963630096,0.14849656897567426,0.30245011921287634,Str
dQ8S,PA1,0.5571026677115898,0.22221290891289705,0.472719977789038,Str
dQ14S,PA1,0.6093770963630096,0.14849656897567426,0.30245011921287634,Str
dQ8S,PA1,0.5571026677115898,0.22221290891289705,0.472719977789038,Str
