k,wss,sil_avg
2,1029.2033826524748,0.45146733294801955
3,672.3204344803157,0.3884877983927761
4,527.3310442013873,0.35242635085267787
5,431.0838395092974,0.35997754487854944
6,365.59732180374607,0.34806727180014063
7,320.28293211777475,0.3403354987305456
8,286.1144131335718,0.33731703704334476
